emp_id,similarity,rule_norm,final_score,matched_skills,missing_must_haves,years_detected
E0385,0.109,0.889,0.343,"excel, matplotlib, pandas, power bi, python, sql, typescript",-,2
E0000,0.097,0.889,0.334,"ci/cd, excel, power bi, python, sql",-,3
E0411,0.094,0.889,0.333,"apis, excel, pandas, power bi, python, sql",-,0
E0484,0.07,0.889,0.315,"excel, power bi, python, sql",-,1
E0352,0.065,0.889,0.312,"excel, pandas, power bi, python, sql, typescript",-,4
E0083,0.028,0.889,0.286,"excel, power bi, python, sql",-,3
E0237,0.024,0.889,0.284,"excel, matplotlib, pandas, power bi, python, sql, typescript",-,5
E0176,0.024,0.889,0.283,"excel, matplotlib, power bi, python, sql",-,2
E0589,0.015,0.889,0.277,"excel, matplotlib, pandas, power bi, python, sql, typescript",-,1
E0358,0.014,0.889,0.277,"excel, pandas, power bi, python, sql",-,3
E0301,0.015,0.889,0.277,"excel, matplotlib, pandas, power bi, python, sql",-,4
E0170,0.014,0.889,0.277,"ci/cd, excel, power bi, python, sql",-,2
E0364,0.015,0.889,0.277,"excel, matplotlib, pandas, power bi, python, sql",-,4
E0002,0.014,0.889,0.277,"excel, power bi, python, sql",-,4
E0483,0.013,0.889,0.276,"excel, matplotlib, pandas, power bi, python, sql, typescript",-,3
E0456,0.013,0.889,0.276,"excel, matplotlib, pandas, power bi, python, sql",-,2
E0089,0.013,0.889,0.276,"excel, matplotlib, power bi, python, sql",-,1
E0578,0.013,0.889,0.276,"excel, matplotlib, pandas, power bi, python, sql",-,1
E0139,0.013,0.889,0.276,"excel, matplotlib, power bi, python, sql",-,0
E0228,0.012,0.889,0.275,"excel, matplotlib, pandas, power bi, python, sql",-,4
E0191,0.012,0.889,0.275,"ci/cd, excel, matplotlib, pandas, power bi, python, sql",-,1
E0369,0.012,0.889,0.275,"ci/cd, excel, pandas, power bi, python, sql",-,4
E0309,0.012,0.889,0.275,"excel, matplotlib, pandas, power bi, python, sql, typescript",-,4
E0473,0.011,0.889,0.275,"excel, matplotlib, pandas, power bi, python, sql",-,0
E0397,0.012,0.889,0.275,"excel, pandas, power bi, python, sql, typescript",-,1
E0184,0.011,0.889,0.275,"excel, matplotlib, ml, power bi, python, sql, typescript",-,5
E0130,0.011,0.889,0.274,"excel, matplotlib, pandas, power bi, python, sql",-,0
E0445,0.0,0.889,0.267,"ci/cd, excel, power bi, python, sql",-,1
E0406,0.0,0.889,0.267,"excel, matplotlib, pandas, power bi, python, sql",-,0
E0085,0.0,0.889,0.267,"apis, excel, matplotlib, power bi, python, sql, typescript",-,0
E0074,0.0,0.889,0.267,"excel, power bi, python, sql, typescript",-,4
E0365,0.0,0.889,0.267,"ci/cd, excel, pandas, power bi, python, sql",-,0
E0343,0.0,0.889,0.267,"excel, matplotlib, ml, pandas, power bi, python, sql, typescript",-,4
E0066,0.0,0.889,0.267,"excel, matplotlib, ml, power bi, python, sql",-,3
E0361,0.0,0.889,0.267,"apis, excel, pandas, power bi, python, sql, typescript",-,4
E0020,0.0,0.889,0.267,"excel, matplotlib, pandas, power bi, python, sql, typescript",-,1
E0288,0.0,0.889,0.267,"excel, matplotlib, pandas, power bi, python, sql, typescript",-,5
E0117,0.0,0.889,0.267,"apis, excel, matplotlib, pandas, power bi, python, sql",-,5
E0203,0.0,0.889,0.267,"ci/cd, excel, matplotlib, pandas, power bi, python, sql, typescript",-,0
E0173,0.0,0.889,0.267,"apis, excel, matplotlib, pandas, power bi, python, sql, typescript",-,5
E0171,0.0,0.889,0.267,"apis, excel, matplotlib, pandas, power bi, python, sql",-,5
E0164,0.0,0.889,0.267,"excel, matplotlib, ml, pandas, power bi, python, sql",-,5
E0153,0.0,0.889,0.267,"excel, matplotlib, ml, pandas, power bi, python, sql",-,3
E0155,0.0,0.889,0.267,"excel, matplotlib, ml, pandas, power bi, python, sql",-,3
E0007,0.0,0.889,0.267,"excel, matplotlib, ml, power bi, python, sql",-,1
E0011,0.0,0.889,0.267,"excel, matplotlib, ml, pandas, power bi, python, sql, typescript",-,1
E0548,0.0,0.889,0.267,"excel, matplotlib, ml, power bi, python, sql, typescript",-,0
E0561,0.0,0.889,0.267,"apis, excel, matplotlib, pandas, power bi, python, sql",-,5
E0564,0.0,0.889,0.267,"excel, matplotlib, pandas, power bi, python, sql, typescript",-,4
E0179,0.0,0.889,0.267,"ci/cd, excel, power bi, python, sql",-,2
E0313,0.0,0.889,0.267,"excel, ml, power bi, python, sql",-,5
E0127,0.0,0.889,0.267,"ci/cd, excel, matplotlib, power bi, python, sql, typescript",-,4
E0284,0.0,0.889,0.267,"apis, excel, matplotlib, power bi, python, sql, typescript",-,3
E0248,0.0,0.889,0.267,"apis, excel, matplotlib, power bi, python, sql",-,3
E0261,0.0,0.889,0.267,"excel, matplotlib, ml, pandas, power bi, python, sql, typescript",-,1
E0190,0.0,0.889,0.267,"excel, matplotlib, pandas, power bi, python, sql, typescript",-,2
E0378,0.0,0.889,0.267,"ci/cd, excel, pandas, power bi, python, sql",-,1
E0371,0.0,0.889,0.267,"ci/cd, excel, pandas, power bi, python, sql",-,3
E0506,0.0,0.889,0.267,"excel, matplotlib, pandas, power bi, python, sql",-,0
E0472,0.0,0.889,0.267,"excel, matplotlib, ml, pandas, power bi, python, sql, typescript",-,4
E0044,0.0,0.889,0.267,"excel, matplotlib, ml, pandas, power bi, python, sql, typescript",-,0
E0056,0.0,0.889,0.267,"apis, excel, power bi, python, sql",-,4
E0500,0.0,0.889,0.267,"ci/cd, excel, pandas, power bi, python, sql",-,0
E0046,0.0,0.889,0.267,"excel, ml, power bi, python, sql, typescript",-,4
E0448,0.0,0.889,0.267,"apis, excel, pandas, power bi, python, sql",-,1
E0435,0.0,0.889,0.267,"apis, excel, pandas, power bi, python, sql",-,3
E0571,0.012,0.833,0.258,"excel, pandas, power bi, sql",-,5
E0114,0.0,0.833,0.25,"excel, matplotlib, power bi, sql, typescript",-,4
E0239,0.08,0.611,0.239,"matplotlib, power bi, python, sql, typescript",excel,0
E0394,0.062,0.611,0.227,"excel, pandas, python, sql",power bi,2
E0513,0.025,0.611,0.201,"excel, matplotlib, ml, pandas, power bi, python",sql,3
E0577,0.017,0.611,0.195,"excel, pandas, power bi, python",sql,0
E0186,0.014,0.611,0.193,"excel, matplotlib, power bi, python, typescript",sql,3
E0575,0.013,0.611,0.193,"apis, databases, django, excel, fastapi, power bi, python",sql,1
E0399,0.014,0.611,0.193,"databases, fastapi, power bi, python, sql",excel,5
E0276,0.014,0.611,0.193,"excel, matplotlib, power bi, python",sql,0
E0454,0.013,0.611,0.193,"apis, databases, docker, excel, fastapi, power bi, python",sql,3
E0401,0.012,0.611,0.192,"databases, docker, excel, fastapi, power bi, python",sql,4
E0220,0.012,0.611,0.192,"apis, databases, django, docker, excel, fastapi, power bi, python, typescript",sql,5
E0194,0.013,0.611,0.192,"matplotlib, ml, pandas, power bi, python, sql",excel,5
E0270,0.012,0.611,0.192,"excel, ml, nlp, power bi, python, pytorch, tensorflow",sql,1
E0151,0.012,0.611,0.192,"databases, django, docker, excel, fastapi, pandas, power bi, python",sql,1
E0387,0.013,0.611,0.192,"excel, ml, power bi, python, scikit-learn, tensorflow",sql,2
E0097,0.012,0.611,0.192,"excel, ml, nlp, power bi, python, pytorch, tensorflow",sql,5
E0501,0.012,0.611,0.192,"excel, ml, nlp, power bi, python, scikit-learn",sql,5
E0486,0.013,0.611,0.192,"apis, databases, docker, excel, fastapi, power bi, python",sql,5
E0531,0.0,0.611,0.183,"excel, matplotlib, python, sql, typescript",power bi,5
E0539,0.0,0.611,0.183,"ci/cd, excel, matplotlib, python, sql",power bi,1
E0464,0.0,0.611,0.183,"ci/cd, excel, matplotlib, python, sql",power bi,4
E0502,0.0,0.611,0.183,"excel, matplotlib, pandas, python, sql, typescript",power bi,5
E0522,0.0,0.611,0.183,"ci/cd, excel, matplotlib, pandas, python, sql",power bi,2
E0045,0.0,0.611,0.183,"excel, ml, pandas, python, sql",power bi,5
E0392,0.0,0.611,0.183,"excel, matplotlib, pandas, python, sql",power bi,5
E0390,0.0,0.611,0.183,"apis, excel, pandas, python, sql",power bi,5
E0470,0.0,0.611,0.183,"excel, matplotlib, python, sql",power bi,5
E0377,0.0,0.611,0.183,"excel, matplotlib, ml, pandas, python, sql",power bi,1
E0325,0.0,0.611,0.183,"excel, matplotlib, python, sql",power bi,1
E0315,0.0,0.611,0.183,"ci/cd, excel, pandas, python, sql",power bi,2
E0135,0.0,0.611,0.183,"ci/cd, excel, pandas, power bi, python",sql,3
E0188,0.0,0.611,0.183,"excel, matplotlib, pandas, python, sql, typescript",power bi,5
E0218,0.0,0.611,0.183,"ci/cd, excel, matplotlib, power bi, python, typescript",sql,3
E0225,0.0,0.611,0.183,"excel, pandas, python, sql",power bi,5
E0234,0.0,0.611,0.183,"apis, excel, matplotlib, pandas, python, sql",power bi,2
E0099,0.0,0.611,0.183,"excel, ml, pandas, python, sql",power bi,2
E0156,0.0,0.611,0.183,"excel, matplotlib, pandas, python, sql, typescript",power bi,4
E0363,0.0,0.611,0.183,"ci/cd, excel, pandas, python, sql",power bi,0
E0077,0.0,0.611,0.183,"apis, excel, matplotlib, pandas, python, sql, typescript",power bi,2
E0382,0.0,0.611,0.183,"excel, matplotlib, ml, pandas, power bi, python, typescript",sql,4
E0310,0.0,0.611,0.183,"excel, matplotlib, ml, pandas, power bi, python, typescript",sql,0
E0293,0.0,0.611,0.183,"excel, matplotlib, pandas, python, sql",power bi,0
E0289,0.0,0.611,0.183,"apis, excel, matplotlib, python, sql",power bi,5
E0296,0.0,0.611,0.183,"ci/cd, excel, matplotlib, pandas, power bi, python, typescript",sql,0
E0281,0.0,0.611,0.183,"excel, ml, pandas, python, sql, typescript",power bi,0
E0195,0.0,0.611,0.183,"excel, matplotlib, ml, python, sql",power bi,2
E0018,0.0,0.611,0.183,"excel, pandas, python, sql, typescript",power bi,4
E0160,0.0,0.611,0.183,"apis, excel, pandas, python, sql, typescript",power bi,5
E0555,0.0,0.611,0.183,"ci/cd, excel, matplotlib, pandas, python, sql, typescript",power bi,0
E0573,0.0,0.611,0.183,"excel, matplotlib, ml, python, sql",power bi,3
E0033,0.0,0.611,0.183,"excel, matplotlib, ml, pandas, python, sql",power bi,5
E0182,0.0,0.611,0.183,"excel, matplotlib, ml, pandas, power bi, python",sql,1
E0323,0.013,0.556,0.176,"excel, ml, power bi, tensorflow",sql,0
E0518,0.013,0.556,0.176,"excel, html, javascript, ml, power bi, react, typescript",sql,3
E0383,0.013,0.556,0.176,"aws, docker, excel, linux, power bi, terraform",sql,4
E0553,0.013,0.556,0.176,"excel, html, javascript, ml, power bi, react, redux, typescript",sql,0
E0012,0.013,0.556,0.176,"aws, excel, linux, power bi, terraform",sql,0
E0381,0.012,0.556,0.175,"css, excel, html, javascript, ml, power bi, react, redux, typescript",sql,5
E0297,0.011,0.556,0.175,"aws, docker, excel, kubernetes, linux, power bi, terraform",sql,2
E0344,0.011,0.556,0.174,"aws, css, excel, html, javascript, ml, power bi, react, redux, typescript",sql,2
E0525,0.016,0.333,0.111,"apis, databases, fastapi, power bi, python",sql; excel,3
E0515,0.016,0.333,0.111,"apis, databases, docker, power bi, python",sql; excel,0
E0009,0.014,0.333,0.11,"ml, power bi, python, pytorch, tensorflow",sql; excel,2
E0015,0.015,0.333,0.11,"ml, power bi, python, tensorflow",sql; excel,2
E0149,0.015,0.333,0.11,"apis, docker, power bi, python",sql; excel,3
E0209,0.014,0.333,0.11,"ml, nlp, power bi, python",sql; excel,5
E0476,0.014,0.333,0.11,"apis, databases, docker, fastapi, power bi, python",sql; excel,2
E0396,0.014,0.333,0.11,"ml, power bi, python, pytorch",sql; excel,5
E0404,0.014,0.333,0.11,"apis, databases, django, fastapi, power bi, python",sql; excel,5
E0290,0.014,0.333,0.11,"ml, power bi, python, pytorch, scikit-learn",sql; excel,3
E0279,0.014,0.333,0.11,"apis, databases, django, power bi, python",sql; excel,0
E0558,0.014,0.333,0.11,"apis, databases, django, fastapi, power bi, python",sql; excel,5
E0272,0.014,0.333,0.11,"apis, databases, django, docker, fastapi, power bi, python",sql; excel,5
E0341,0.014,0.333,0.11,"ml, nlp, power bi, python, tensorflow",sql; excel,3
E0345,0.015,0.333,0.11,"ml, power bi, python, pytorch",sql; excel,3
E0116,0.014,0.333,0.11,"apis, databases, django, docker, fastapi, power bi, python",sql; excel,1
E0438,0.013,0.333,0.109,"databases, django, docker, power bi, python",sql; excel,2
E0491,0.014,0.333,0.109,"ml, nlp, power bi, python, tensorflow",sql; excel,4
E0177,0.013,0.333,0.109,"apis, databases, django, docker, fastapi, power bi, python",sql; excel,3
E0334,0.013,0.333,0.109,"ml, power bi, python, tensorflow, typescript",sql; excel,1
E0105,0.013,0.333,0.109,"apis, databases, docker, fastapi, power bi, python",sql; excel,2
E0282,0.013,0.333,0.109,"ml, nlp, power bi, python, pytorch, tensorflow",sql; excel,1
E0299,0.013,0.333,0.109,"apis, databases, django, docker, fastapi, power bi, python",sql; excel,4
E0380,0.012,0.333,0.109,"ml, nlp, power bi, python, pytorch, typescript",sql; excel,5
E0430,0.013,0.333,0.109,"apis, databases, django, docker, fastapi, power bi, python",sql; excel,1
E0144,0.013,0.333,0.109,"apis, databases, django, fastapi, power bi, python",sql; excel,4
E0131,0.012,0.333,0.109,"apis, databases, django, fastapi, power bi, python, typescript",sql; excel,4
E0140,0.013,0.333,0.109,"apis, databases, django, docker, power bi, python",sql; excel,4
E0148,0.013,0.333,0.109,"apis, databases, django, fastapi, pandas, power bi, python",sql; excel,5
E0597,0.013,0.333,0.109,"apis, databases, django, docker, fastapi, power bi, python",sql; excel,1
E0042,0.013,0.333,0.109,"apis, databases, django, fastapi, power bi, python, typescript",sql; excel,4
E0541,0.013,0.333,0.109,"apis, databases, django, docker, fastapi, power bi, python",sql; excel,4
E0536,0.014,0.333,0.109,"apis, databases, docker, fastapi, power bi, python, typescript",sql; excel,1
E0562,0.012,0.333,0.108,"ml, power bi, python, pytorch, tensorflow",sql; excel,2
E0093,0.012,0.333,0.108,"ml, nlp, power bi, python, pytorch, tensorflow",sql; excel,2
E0205,0.012,0.333,0.108,"ml, nlp, power bi, python, pytorch, tensorflow",sql; excel,1
E0489,0.012,0.333,0.108,"ml, power bi, python, pytorch",sql; excel,5
E0425,0.012,0.333,0.108,"ml, power bi, python, pytorch, tensorflow",sql; excel,0
E0441,0.012,0.333,0.108,"ml, nlp, power bi, python, pytorch",sql; excel,2
E0595,0.012,0.333,0.108,"databases, django, docker, fastapi, power bi, python",sql; excel,1
E0598,0.011,0.333,0.108,"ml, power bi, python, tensorflow, typescript",sql; excel,3
E0136,0.012,0.333,0.108,"ml, nlp, power bi, python, pytorch, tensorflow, typescript",sql; excel,3
E0027,0.012,0.333,0.108,"ml, power bi, python, pytorch, tensorflow",sql; excel,3
E0031,0.011,0.333,0.108,"ml, nlp, power bi, python, tensorflow",sql; excel,5
E0287,0.012,0.333,0.108,"apis, databases, django, fastapi, power bi, python",sql; excel,0
E0021,0.01,0.333,0.107,"databases, django, docker, fastapi, power bi, python",sql; excel,5
E0328,0.009,0.333,0.107,"ml, nlp, power bi, python, pytorch, tensorflow",sql; excel,4
E0537,0.009,0.333,0.106,"ml, nlp, power bi, python, pytorch, scikit-learn, tensorflow",sql; excel,4
E0407,0.0,0.333,0.1,"apis, databases, django, docker, ml, pandas, python, sql, typescript",excel; power bi,3
E0400,0.0,0.333,0.1,"apis, ci/cd, databases, django, docker, excel, python",sql; power bi,0
E0511,0.0,0.333,0.1,"excel, ml, python, pytorch, tensorflow",sql; power bi,3
E0574,0.0,0.333,0.1,"apis, databases, docker, excel, python",sql; power bi,2
E0141,0.0,0.333,0.1,"apis, databases, django, excel, fastapi, python",sql; power bi,3
E0038,0.0,0.333,0.1,"apis, databases, django, docker, excel, fastapi, ml, python",sql; power bi,2
E0505,0.0,0.333,0.1,"excel, ml, nlp, python, pytorch, tensorflow",sql; power bi,0
E0040,0.0,0.333,0.1,"apis, excel, ml, nlp, pandas, python, pytorch, scikit-learn, tensorflow",sql; power bi,4
E0041,0.0,0.333,0.1,"ci/cd, excel, ml, nlp, python, scikit-learn",sql; power bi,2
E0509,0.0,0.333,0.1,"ci/cd, excel, ml, nlp, python, pytorch, tensorflow",sql; power bi,1
E0592,0.0,0.333,0.1,"apis, excel, ml, python, pytorch",sql; power bi,3
E0043,0.0,0.333,0.1,"apis, databases, docker, ml, python, sql",excel; power bi,4
E0014,0.0,0.333,0.1,"ci/cd, excel, ml, nlp, python, pytorch, tensorflow",sql; power bi,5
E0593,0.0,0.333,0.1,"apis, databases, django, docker, excel, fastapi, ml, pandas, python",sql; power bi,5
E0005,0.0,0.333,0.1,"excel, ml, nlp, python, tensorflow",sql; power bi,1
E0552,0.0,0.333,0.1,"apis, databases, docker, excel, python",sql; power bi,3
E0549,0.0,0.333,0.1,"excel, ml, nlp, python, pytorch",sql; power bi,3
E0306,0.0,0.333,0.1,"apis, ci/cd, databases, docker, excel, python",sql; power bi,1
E0581,0.0,0.333,0.1,"apis, excel, matplotlib, python",sql; power bi,3
E0112,0.0,0.333,0.1,"excel, ml, python, pytorch, tensorflow",sql; power bi,5
E0123,0.0,0.333,0.1,"apis, databases, django, fastapi, ml, pandas, python, sql",excel; power bi,1
E0103,0.0,0.333,0.1,"ci/cd, pandas, python, sql",excel; power bi,3
E0304,0.0,0.333,0.1,"ci/cd, excel, pandas, python",sql; power bi,4
E0554,0.0,0.333,0.1,"apis, databases, django, docker, excel, python",sql; power bi,3
E0587,0.0,0.333,0.1,"apis, databases, docker, excel, ml, python",sql; power bi,2
E0543,0.0,0.333,0.1,"apis, databases, django, docker, ml, python, sql",excel; power bi,3
E0214,0.0,0.333,0.1,"apis, excel, ml, python, pytorch, tensorflow",sql; power bi,2
E0349,0.0,0.333,0.1,"apis, excel, ml, nlp, python, tensorflow",sql; power bi,5
E0356,0.0,0.333,0.1,"excel, ml, nlp, python, tensorflow",sql; power bi,3
E0419,0.0,0.333,0.1,"apis, databases, django, docker, excel, fastapi, ml, python",sql; power bi,3
E0422,0.0,0.333,0.1,"apis, excel, ml, python, pytorch, tensorflow",sql; power bi,1
E0497,0.0,0.333,0.1,"apis, databases, django, docker, excel, fastapi, python",sql; power bi,4
E0444,0.0,0.333,0.1,"apis, databases, docker, excel, fastapi, ml, python",sql; power bi,3
E0440,0.0,0.333,0.1,"ci/cd, excel, ml, nlp, python, pytorch, tensorflow",sql; power bi,4
E0431,0.0,0.333,0.1,"apis, ci/cd, docker, excel, python",sql; power bi,3
E0004,0.0,0.333,0.1,"apis, databases, docker, excel, fastapi, python",sql; power bi,4
E0003,0.0,0.333,0.1,"apis, ci/cd, databases, django, fastapi, python, sql",excel; power bi,1
E0362,0.0,0.333,0.1,"ci/cd, excel, matplotlib, python",sql; power bi,2
E0367,0.0,0.333,0.1,"apis, ci/cd, databases, django, docker, fastapi, python, sql, typescript",excel; power bi,0
E0249,0.0,0.333,0.1,"apis, databases, docker, fastapi, python, sql, typescript",excel; power bi,3
E0247,0.0,0.333,0.1,"ci/cd, excel, ml, python, tensorflow",sql; power bi,1
E0235,0.0,0.333,0.1,"apis, databases, django, fastapi, ml, python, sql",excel; power bi,3
E0229,0.0,0.333,0.1,"ci/cd, excel, pandas, python, typescript",sql; power bi,1
E0336,0.0,0.333,0.1,"ci/cd, excel, ml, nlp, python, pytorch, tensorflow",sql; power bi,0
E0314,0.0,0.333,0.1,"excel, ml, pandas, python, pytorch, scikit-learn",sql; power bi,3
E0091,0.016,0.278,0.095,"aws, kubernetes, linux, power bi",sql; excel,3
E0095,0.016,0.278,0.095,"css, html, javascript, ml, power bi, react",sql; excel,0
E0067,0.014,0.278,0.093,"aws, power bi, terraform",sql; excel,5
E0351,0.013,0.278,0.093,"aws, ci/cd, docker, linux, power bi, typescript",sql; excel,5
E0317,0.014,0.278,0.093,"css, html, javascript, ml, power bi, react",sql; excel,0
E0121,0.014,0.278,0.093,"html, javascript, ml, power bi, react, redux",sql; excel,3
E0542,0.013,0.278,0.093,"aws, kubernetes, linux, power bi, terraform",sql; excel,4
E0318,0.014,0.278,0.093,"aws, linux, power bi, terraform",sql; excel,4
E0243,0.014,0.278,0.093,"javascript, power bi, react, redux",sql; excel,5
E0250,0.014,0.278,0.093,"html, javascript, ml, power bi, react, typescript",sql; excel,2
E0512,0.014,0.278,0.093,"css, html, javascript, ml, power bi, react, redux",sql; excel,5
E0086,0.014,0.278,0.093,"aws, kubernetes, linux, power bi",sql; excel,1
E0442,0.014,0.278,0.093,"html, javascript, ml, power bi, react, typescript",sql; excel,4
E0178,0.014,0.278,0.093,"aws, linux, power bi, terraform, typescript",sql; excel,3
E0479,0.013,0.278,0.092,"aws, kubernetes, linux, power bi, terraform",sql; excel,0
E0145,0.012,0.278,0.092,"css, html, javascript, ml, power bi, react, redux, typescript",sql; excel,5
E0447,0.012,0.278,0.092,"aws, kubernetes, power bi, terraform",sql; excel,0
E0426,0.013,0.278,0.092,"html, ml, power bi, react, typescript",sql; excel,1
E0189,0.012,0.278,0.092,"aws, ci/cd, docker, kubernetes, linux, power bi, terraform",sql; excel,2
E0166,0.013,0.278,0.092,"css, html, javascript, ml, power bi, react, redux",sql; excel,0
E0180,0.012,0.278,0.092,"css, html, javascript, ml, power bi, react, redux",sql; excel,1
E0405,0.012,0.278,0.092,"aws, docker, kubernetes, linux, power bi, terraform",sql; excel,4
E0413,0.012,0.278,0.092,"aws, docker, kubernetes, linux, power bi, terraform",sql; excel,0
E0460,0.013,0.278,0.092,"css, html, javascript, ml, power bi, react, redux, typescript",sql; excel,2
E0368,0.013,0.278,0.092,"aws, docker, kubernetes, linux, power bi",sql; excel,1
E0340,0.013,0.278,0.092,"aws, kubernetes, linux, power bi",sql; excel,5
E0312,0.012,0.278,0.092,"html, javascript, ml, power bi, react, typescript",sql; excel,1
E0068,0.013,0.278,0.092,"css, html, javascript, ml, power bi, react, redux",sql; excel,1
E0081,0.013,0.278,0.092,"css, html, javascript, ml, power bi, react, typescript",sql; excel,1
E0079,0.012,0.278,0.092,"aws, docker, kubernetes, linux, power bi",sql; excel,4
E0070,0.013,0.278,0.092,"html, javascript, ml, power bi, react, redux, typescript",sql; excel,2
E0254,0.012,0.278,0.092,"css, html, javascript, ml, power bi, react, redux, typescript",sql; excel,3
E0029,0.012,0.278,0.092,"ml, power bi, pytorch, tensorflow",sql; excel,2
E0032,0.012,0.278,0.092,"aws, docker, power bi, terraform",sql; excel,5
E0520,0.011,0.278,0.091,"css, html, javascript, ml, power bi, react, redux, typescript",sql; excel,3
E0260,0.011,0.278,0.091,"css, html, javascript, ml, power bi, react, redux, typescript",sql; excel,4
E0305,0.012,0.278,0.091,"aws, docker, kubernetes, linux, power bi, terraform, typescript",sql; excel,5
E0233,0.011,0.278,0.091,"aws, docker, kubernetes, linux, power bi, terraform",sql; excel,5
E0437,0.011,0.278,0.091,"aws, css, html, javascript, ml, power bi, react, redux",sql; excel,3
E0208,0.012,0.278,0.091,"aws, css, html, javascript, ml, power bi, react, redux, typescript",sql; excel,0
E0230,0.011,0.278,0.091,"aws, docker, kubernetes, linux, power bi, terraform",sql; excel,4
E0457,0.011,0.278,0.091,"css, html, javascript, ml, power bi, react, redux, typescript",sql; excel,2
E0109,0.011,0.278,0.091,"css, javascript, power bi, react, redux, typescript",sql; excel,5
E0134,0.0,0.278,0.083,"ci/cd, css, excel, html, javascript, ml, react, redux, typescript",sql; power bi,0
E0137,0.0,0.278,0.083,"excel, html, javascript, ml, react, redux",sql; power bi,0
E0474,0.0,0.278,0.083,"css, excel, html, javascript, ml, react, redux",sql; power bi,0
E0468,0.0,0.278,0.083,"css, excel, html, javascript, ml, react, typescript",sql; power bi,1
E0267,0.0,0.278,0.083,"aws, ci/cd, docker, excel, kubernetes, linux, ml, terraform",sql; power bi,1
E0138,0.0,0.278,0.083,"apis, aws, ci/cd, docker, excel, kubernetes, linux, terraform",sql; power bi,5
E0152,0.0,0.278,0.083,"aws, ci/cd, docker, excel, linux, terraform",sql; power bi,5
E0201,0.0,0.278,0.083,"apis, excel, html, javascript, ml, react, typescript",sql; power bi,4
E0418,0.0,0.278,0.083,"apis, css, excel, html, javascript, ml, react, redux",sql; power bi,1
E0451,0.0,0.278,0.083,"ci/cd, css, excel, html, javascript, ml, react, redux, typescript",sql; power bi,1
E0302,0.0,0.278,0.083,"aws, excel, kubernetes, linux, ml",sql; power bi,0
E0455,0.0,0.278,0.083,"aws, excel, kubernetes, linux, ml, terraform",sql; power bi,1
E0222,0.0,0.278,0.083,"apis, aws, docker, excel, kubernetes, linux, terraform",sql; power bi,4
E0436,0.0,0.278,0.083,"aws, ci/cd, docker, excel, kubernetes, linux, terraform",sql; power bi,2
E0217,0.0,0.278,0.083,"aws, ci/cd, docker, excel, kubernetes, linux, terraform",sql; power bi,4
E0159,0.0,0.278,0.083,"aws, ci/cd, excel, kubernetes, linux, terraform",sql; power bi,4
E0048,0.0,0.278,0.083,"aws, docker, excel, kubernetes, linux, ml, terraform",sql; power bi,3
E0064,0.0,0.278,0.083,"excel, html, javascript, ml, react, redux, typescript",sql; power bi,0
E0035,0.0,0.278,0.083,"apis, excel, html, javascript, ml, react, typescript",sql; power bi,4
E0355,0.0,0.278,0.083,"apis, css, excel, html, javascript, ml, react, redux, typescript",sql; power bi,1
E0388,0.0,0.278,0.083,"apis, aws, docker, excel, kubernetes, linux, terraform",sql; power bi,2
E0339,0.0,0.278,0.083,"css, excel, html, javascript, ml, react, redux, typescript",sql; power bi,5
E0510,0.0,0.056,0.017,"apis, databases, docker, fastapi, python",sql; excel; power bi,0
E0550,0.0,0.056,0.017,"apis, ci/cd, databases, docker, fastapi, python, typescript",sql; excel; power bi,3
E0158,0.0,0.056,0.017,"databases, docker, python",sql; excel; power bi,0
E0133,0.0,0.056,0.017,"apis, ml, nlp, python, pytorch, tensorflow",sql; excel; power bi,0
E0157,0.0,0.056,0.017,"apis, databases, django, docker, fastapi, python, typescript",sql; excel; power bi,4
E0150,0.0,0.056,0.017,"ci/cd, ml, python, pytorch, scikit-learn, typescript",sql; excel; power bi,0
E0146,0.0,0.056,0.017,"apis, ci/cd, databases, django, docker, fastapi, python, typescript",sql; excel; power bi,1
E0143,0.0,0.056,0.017,"ml, python, pytorch",sql; excel; power bi,5
E0547,0.0,0.056,0.017,"apis, databases, fastapi, python",sql; excel; power bi,4
E0017,0.0,0.056,0.017,"apis, ml, python, pytorch, tensorflow",sql; excel; power bi,0
E0010,0.0,0.056,0.017,"databases, django, docker, fastapi, python",sql; excel; power bi,2
E0025,0.0,0.056,0.017,"apis, databases, django, ml, python",sql; excel; power bi,2
E0034,0.0,0.056,0.017,"apis, databases, django, docker, fastapi, python",sql; excel; power bi,4
E0030,0.0,0.056,0.017,"apis, databases, django, python",sql; excel; power bi,4
E0594,0.0,0.056,0.017,"apis, databases, django, docker, fastapi, ml, python, typescript",sql; excel; power bi,4
E0013,0.0,0.056,0.017,"apis, ci/cd, databases, docker, python",sql; excel; power bi,2
E0026,0.0,0.056,0.017,"apis, ci/cd, databases, django, fastapi, python",sql; excel; power bi,0
E0590,0.0,0.056,0.017,"ml, nlp, python, pytorch, scikit-learn, tensorflow",sql; excel; power bi,2
E0024,0.0,0.056,0.017,"apis, ml, nlp, python, pytorch, tensorflow",sql; excel; power bi,0
E0599,0.0,0.056,0.017,"ml, nlp, python, pytorch, typescript",sql; excel; power bi,5
E0308,0.0,0.056,0.017,"apis, ci/cd, django, python, typescript",sql; excel; power bi,2
E0307,0.0,0.056,0.017,"ml, python, tensorflow",sql; excel; power bi,3
E0259,0.0,0.056,0.017,"apis, ml, nlp, python, pytorch, tensorflow",sql; excel; power bi,0
E0258,0.0,0.056,0.017,"ml, nlp, python, tensorflow",sql; excel; power bi,1
E0255,0.0,0.056,0.017,"apis, databases, django, docker, python, typescript",sql; excel; power bi,2
E0256,0.0,0.056,0.017,"apis, ml, nlp, python, pytorch, tensorflow, typescript",sql; excel; power bi,2
E0253,0.0,0.056,0.017,"ci/cd, ml, nlp, python, pytorch, scikit-learn",sql; excel; power bi,3
E0268,0.0,0.056,0.017,"apis, django, docker, python, typescript",sql; excel; power bi,2
E0273,0.0,0.056,0.017,"ml, python, pytorch",sql; excel; power bi,3
E0266,0.0,0.056,0.017,"ml, python, tensorflow",sql; excel; power bi,2
E0264,0.0,0.056,0.017,"apis, ml, nlp, pandas, python, pytorch, tensorflow",sql; excel; power bi,2
E0280,0.0,0.056,0.017,"ml, pandas, python, pytorch, scikit-learn, typescript",sql; excel; power bi,1
E0274,0.0,0.056,0.017,"ml, python, pytorch",sql; excel; power bi,4
E0285,0.0,0.056,0.017,"ml, python, pytorch",sql; excel; power bi,3
E0100,0.0,0.056,0.017,"apis, databases, django, docker, fastapi, python, typescript",sql; excel; power bi,0
E0102,0.0,0.056,0.017,"apis, ml, nlp, python, pytorch",sql; excel; power bi,5
E0508,0.0,0.056,0.017,"apis, databases, docker, fastapi, ml, pandas, python",sql; excel; power bi,3
E0507,0.0,0.056,0.017,"ci/cd, ml, nlp, python, pytorch, tensorflow",sql; excel; power bi,1
E0142,0.0,0.056,0.017,"apis, databases, docker, fastapi, python",sql; excel; power bi,2
E0498,0.0,0.056,0.017,"ci/cd, ml, python, tensorflow",sql; excel; power bi,0
E0492,0.0,0.056,0.017,"apis, databases, fastapi, ml, python",sql; excel; power bi,2
E0488,0.0,0.056,0.017,"ml, nlp, python, tensorflow",sql; excel; power bi,3
E0570,0.0,0.056,0.017,"apis, databases, django, fastapi, python",sql; excel; power bi,2
E0477,0.0,0.056,0.017,"apis, databases, django, ml, python",sql; excel; power bi,0
E0115,0.0,0.056,0.017,"apis, ml, nlp, python",sql; excel; power bi,5
E0113,0.0,0.056,0.017,"apis, ml, nlp, python, pytorch, tensorflow, typescript",sql; excel; power bi,0
E0111,0.0,0.056,0.017,"ml, python, tensorflow",sql; excel; power bi,5
E0110,0.0,0.056,0.017,"apis, databases, django, docker, python",sql; excel; power bi,2
E0128,0.0,0.056,0.017,"apis, databases, django, pandas, python",sql; excel; power bi,0
E0125,0.0,0.056,0.017,"ml, python, tensorflow",sql; excel; power bi,1
E0475,0.0,0.056,0.017,"apis, databases, docker, python",sql; excel; power bi,4
E0120,0.0,0.056,0.017,"apis, ml, nlp, python, scikit-learn, tensorflow",sql; excel; power bi,0
E0461,0.0,0.056,0.017,"apis, databases, django, docker, fastapi, python",sql; excel; power bi,5
E0469,0.0,0.056,0.017,"apis, databases, docker, ml, python, typescript",sql; excel; power bi,5
E0478,0.0,0.056,0.017,"apis, ci/cd, databases, django, docker, fastapi, pandas, python",sql; excel; power bi,5
E0480,0.0,0.056,0.017,"apis, ci/cd, databases, fastapi, python",sql; excel; power bi,1
E0481,0.0,0.056,0.017,"apis, ci/cd, databases, django, python",sql; excel; power bi,5
E0463,0.0,0.056,0.017,"apis, databases, django, docker, fastapi, python",sql; excel; power bi,0
E0465,0.0,0.056,0.017,"ml, nlp, python, pytorch, scikit-learn, tensorflow",sql; excel; power bi,2
E0236,0.0,0.056,0.017,"ml, nlp, python, pytorch, scikit-learn",sql; excel; power bi,3
E0219,0.0,0.056,0.017,"databases, django, docker, fastapi, python",sql; excel; power bi,4
E0242,0.0,0.056,0.017,"apis, ml, nlp, python, pytorch",sql; excel; power bi,0
E0240,0.0,0.056,0.017,"ml, nlp, python, pytorch, tensorflow",sql; excel; power bi,1
E0221,0.0,0.056,0.017,"apis, ml, nlp, python, tensorflow, typescript",sql; excel; power bi,5
E0226,0.0,0.056,0.017,"databases, django, docker, fastapi, python",sql; excel; power bi,1
E0216,0.0,0.056,0.017,"databases, django, docker, python",sql; excel; power bi,1
E0450,0.0,0.056,0.017,"apis, ml, python, pytorch, scikit-learn",sql; excel; power bi,4
E0231,0.0,0.056,0.017,"apis, databases, django, docker, fastapi, python, typescript",sql; excel; power bi,1
E0329,0.0,0.056,0.017,"ml, nlp, python, tensorflow",sql; excel; power bi,5
E0327,0.0,0.056,0.017,"ml, nlp, python, pytorch, scikit-learn",sql; excel; power bi,0
E0331,0.0,0.056,0.017,"apis, ci/cd, django, docker, fastapi, python",sql; excel; power bi,5
E0423,0.0,0.056,0.017,"ml, python, pytorch, tensorflow, typescript",sql; excel; power bi,5
E0428,0.0,0.056,0.017,"apis, ml, nlp, python, pytorch, tensorflow",sql; excel; power bi,2
E0429,0.0,0.056,0.017,"ci/cd, ml, python, pytorch, tensorflow",sql; excel; power bi,5
E0424,0.0,0.056,0.017,"apis, databases, django, python",sql; excel; power bi,0
E0427,0.0,0.056,0.017,"ml, python, pytorch",sql; excel; power bi,2
E0467,0.0,0.056,0.017,"ci/cd, ml, python, tensorflow, typescript",sql; excel; power bi,4
E0124,0.0,0.056,0.017,"apis, ml, python, pytorch",sql; excel; power bi,4
E0291,0.0,0.056,0.017,"apis, databases, docker, python",sql; excel; power bi,1
E0311,0.0,0.056,0.017,"apis, databases, django, docker, fastapi, python",sql; excel; power bi,0
E0294,0.0,0.056,0.017,"ci/cd, ml, python, pytorch, scikit-learn, tensorflow",sql; excel; power bi,5
E0295,0.0,0.056,0.017,"apis, ci/cd, databases, docker, python",sql; excel; power bi,4
E0119,0.0,0.056,0.017,"apis, ci/cd, databases, django, python",sql; excel; power bi,0
E0316,0.0,0.056,0.017,"apis, ci/cd, databases, django, docker, fastapi, python",sql; excel; power bi,3
E0202,0.0,0.056,0.017,"apis, databases, fastapi, ml, python",sql; excel; power bi,1
E0410,0.0,0.056,0.017,"apis, ci/cd, databases, django, docker, fastapi, python, typescript",sql; excel; power bi,4
E0409,0.0,0.056,0.017,"ci/cd, ml, nlp, python, pytorch, tensorflow",sql; excel; power bi,1
E0398,0.0,0.056,0.017,"apis, databases, django, docker, fastapi, python",sql; excel; power bi,0
E0412,0.0,0.056,0.017,"apis, databases, django, fastapi, python, typescript",sql; excel; power bi,5
E0210,0.0,0.056,0.017,"apis, databases, docker, fastapi, ml, python",sql; excel; power bi,3
E0432,0.0,0.056,0.017,"apis, databases, docker, python, typescript",sql; excel; power bi,0
E0434,0.0,0.056,0.017,"databases, django, docker, fastapi, python",sql; excel; power bi,2
E0360,0.0,0.056,0.017,"ml, nlp, python, pytorch, tensorflow",sql; excel; power bi,2
E0372,0.0,0.056,0.017,"ci/cd, ml, nlp, python",sql; excel; power bi,2
E0375,0.0,0.056,0.017,"ml, nlp, python, pytorch, scikit-learn, tensorflow",sql; excel; power bi,0
E0373,0.0,0.056,0.017,"apis, ci/cd, databases, django, docker, fastapi, python",sql; excel; power bi,4
E0071,0.0,0.056,0.017,"ci/cd, ml, python, pytorch, tensorflow",sql; excel; power bi,3
E0072,0.0,0.056,0.017,"apis, databases, django, docker, fastapi, python",sql; excel; power bi,1
E0207,0.0,0.056,0.017,"apis, databases, django, fastapi, ml, python, typescript",sql; excel; power bi,2
E0204,0.0,0.056,0.017,"ml, nlp, pandas, python",sql; excel; power bi,3
E0338,0.0,0.056,0.017,"ci/cd, ml, python, tensorflow",sql; excel; power bi,0
E0353,0.0,0.056,0.017,"apis, databases, django, docker, fastapi, ml, pandas, python",sql; excel; power bi,5
E0193,0.0,0.056,0.017,"apis, ml, nlp, python, pytorch, scikit-learn, tensorflow",sql; excel; power bi,3
E0187,0.0,0.056,0.017,"ml, nlp, python, pytorch, tensorflow",sql; excel; power bi,4
E0168,0.0,0.056,0.017,"apis, ml, nlp, python",sql; excel; power bi,4
E0169,0.0,0.056,0.017,"ml, python, pytorch",sql; excel; power bi,2
E0172,0.0,0.056,0.017,"ci/cd, ml, nlp, python",sql; excel; power bi,5
E0197,0.0,0.056,0.017,"ml, nlp, python, pytorch, tensorflow",sql; excel; power bi,4
E0174,0.0,0.056,0.017,"apis, ci/cd, django, python, typescript",sql; excel; power bi,1
E0092,0.0,0.056,0.017,"ci/cd, ml, nlp, python",sql; excel; power bi,4
E0391,0.0,0.056,0.017,"ci/cd, ml, nlp, python, pytorch, tensorflow",sql; excel; power bi,2
E0393,0.0,0.056,0.017,"apis, ml, nlp, python",sql; excel; power bi,3
E0376,0.0,0.056,0.017,"ml, nlp, python, pytorch",sql; excel; power bi,3
E0348,0.0,0.056,0.017,"ml, python, pytorch",sql; excel; power bi,5
E0073,0.0,0.056,0.017,"ml, python, pytorch, scikit-learn",sql; excel; power bi,4
E0379,0.0,0.056,0.017,"ml, nlp, python, pytorch",sql; excel; power bi,2
E0088,0.0,0.056,0.017,"ml, python, pytorch, tensorflow",sql; excel; power bi,2
E0087,0.0,0.056,0.017,"apis, django, python, typescript",sql; excel; power bi,2
E0082,0.0,0.056,0.017,"ml, nlp, python, pytorch, tensorflow",sql; excel; power bi,5
E0080,0.0,0.056,0.017,"apis, databases, django, docker, fastapi, python",sql; excel; power bi,1
E0517,0.0,0.056,0.017,"ml, nlp, python, pytorch",sql; excel; power bi,3
E0053,0.0,0.056,0.017,"ml, python, tensorflow",sql; excel; power bi,1
E0062,0.0,0.056,0.017,"apis, databases, fastapi, python",sql; excel; power bi,1
E0090,0.0,0.056,0.017,"apis, databases, docker, fastapi, python",sql; excel; power bi,0
E0057,0.0,0.056,0.017,"apis, databases, django, docker, python",sql; excel; power bi,2
E0055,0.0,0.056,0.017,"apis, ml, pandas, python, pytorch",sql; excel; power bi,5
E0061,0.0,0.056,0.017,"apis, databases, django, ml, python",sql; excel; power bi,5
E0059,0.0,0.056,0.017,"ci/cd, ml, python, pytorch, tensorflow",sql; excel; power bi,5
E0050,0.0,0.056,0.017,"apis, ci/cd, databases, docker, fastapi, python",sql; excel; power bi,0
E0051,0.0,0.056,0.017,"apis, databases, django, fastapi, python",sql; excel; power bi,2
E0161,0.0,0.056,0.017,"ml, python, pytorch",sql; excel; power bi,2
E0065,0.0,0.056,0.017,"ml, nlp, python, tensorflow",sql; excel; power bi,2
E0163,0.0,0.056,0.017,"apis, ci/cd, databases, django, python, typescript",sql; excel; power bi,0
E0165,0.0,0.056,0.017,"apis, ci/cd, databases, docker, python, typescript",sql; excel; power bi,5
E0546,0.0,0.056,0.017,"ci/cd, ml, nlp, python, pytorch, tensorflow, typescript",sql; excel; power bi,2
E0580,0.0,0.056,0.017,"ml, python, tensorflow",sql; excel; power bi,1
E0583,0.0,0.056,0.017,"ci/cd, ml, python, pytorch, tensorflow",sql; excel; power bi,1
E0585,0.0,0.056,0.017,"apis, databases, django, docker, fastapi, python",sql; excel; power bi,2
E0532,0.0,0.056,0.017,"apis, databases, docker, python",sql; excel; power bi,5
E0544,0.0,0.056,0.017,"apis, django, docker, python",sql; excel; power bi,4
E0526,0.0,0.056,0.017,"apis, databases, fastapi, pandas, python",sql; excel; power bi,0
E0528,0.0,0.056,0.017,"apis, databases, docker, fastapi, python",sql; excel; power bi,1
E0530,0.0,0.056,0.017,"apis, fastapi, ml, python",sql; excel; power bi,4
E0559,0.0,0.056,0.017,"ml, nlp, pandas, python, pytorch",sql; excel; power bi,3
E0563,0.0,0.056,0.017,"apis, databases, fastapi, ml, python",sql; excel; power bi,4
E0565,0.0,0.056,0.017,"ml, nlp, python, pytorch, tensorflow",sql; excel; power bi,1
E0566,0.0,0.056,0.017,"ml, nlp, python, pytorch",sql; excel; power bi,0
E0568,0.0,0.056,0.017,"apis, databases, django, docker, fastapi, ml, python",sql; excel; power bi,2
E0557,0.0,0.0,0.0,"aws, ci/cd, kubernetes",sql; excel; power bi,2
E0560,0.0,0.0,0.0,"aws, ci/cd, kubernetes, linux",sql; excel; power bi,5
E0567,0.0,0.0,0.0,"aws, kubernetes, linux, ml",sql; excel; power bi,0
E0521,0.0,0.0,0.0,"aws, docker, linux, terraform, typescript",sql; excel; power bi,5
E0523,0.0,0.0,0.0,"aws, kubernetes, linux, ml, terraform, typescript",sql; excel; power bi,4
E0524,0.0,0.0,0.0,"aws, docker, linux, ml, terraform",sql; excel; power bi,1
E0527,0.0,0.0,0.0,"apis, aws, docker, kubernetes, linux, terraform",sql; excel; power bi,5
E0529,0.0,0.0,0.0,"apis, html, javascript, ml, react, redux, typescript",sql; excel; power bi,2
E0533,0.0,0.0,0.0,"aws, docker, kubernetes, linux, terraform",sql; excel; power bi,5
E0534,0.0,0.0,0.0,"aws, docker, kubernetes, linux, typescript",sql; excel; power bi,5
E0535,0.0,0.0,0.0,"apis, aws, docker, kubernetes, linux, terraform",sql; excel; power bi,5
E0538,0.0,0.0,0.0,"apis, css, html, javascript, ml, react, redux, typescript",sql; excel; power bi,5
E0540,0.0,0.0,0.0,"apis, aws, docker, kubernetes, linux, terraform",sql; excel; power bi,5
E0545,0.0,0.0,0.0,"html, javascript, ml, react, redux, typescript",sql; excel; power bi,5
E0579,0.0,0.0,0.0,"css, html, javascript, ml, react, redux, typescript",sql; excel; power bi,3
E0582,0.0,0.0,0.0,"css, html, javascript, ml, react",sql; excel; power bi,3
E0584,0.0,0.0,0.0,"aws, ci/cd, docker, linux, terraform, typescript",sql; excel; power bi,0
E0586,0.0,0.0,0.0,"ci/cd, css, html, javascript, ml, react, redux, typescript",sql; excel; power bi,0
E0162,0.0,0.0,0.0,"ci/cd, html, javascript, ml, react, redux, typescript",sql; excel; power bi,0
E0514,0.0,0.0,0.0,"css, html, javascript, ml, react, redux, typescript",sql; excel; power bi,0
E0036,0.0,0.0,0.0,"aws, docker, linux, ml, terraform",sql; excel; power bi,3
E0037,0.0,0.0,0.0,"apis, aws, docker, kubernetes, linux, terraform",sql; excel; power bi,5
E0039,0.0,0.0,0.0,"aws, docker, kubernetes, linux, ml, terraform",sql; excel; power bi,0
E0047,0.0,0.0,0.0,"apis, html, javascript, ml, react, typescript",sql; excel; power bi,1
E0049,0.0,0.0,0.0,"aws, docker, kubernetes, linux, ml, terraform, typescript",sql; excel; power bi,0
E0052,0.0,0.0,0.0,"css, html, javascript, ml, react, redux",sql; excel; power bi,1
E0054,0.0,0.0,0.0,"css, html, javascript, ml, react",sql; excel; power bi,0
E0058,0.0,0.0,0.0,"apis, css, html, javascript, ml, react, typescript",sql; excel; power bi,5
E0060,0.0,0.0,0.0,"css, html, javascript, ml, react, typescript",sql; excel; power bi,1
E0063,0.0,0.0,0.0,"aws, kubernetes, linux, terraform",sql; excel; power bi,3
E0516,0.0,0.0,0.0,"css, html, javascript, ml, react, typescript",sql; excel; power bi,2
E0519,0.0,0.0,0.0,"aws, ci/cd, kubernetes, linux, typescript",sql; excel; power bi,5
E0556,0.0,0.0,0.0,"apis, css, html, javascript, ml, react, redux",sql; excel; power bi,3
E0076,0.0,0.0,0.0,"apis, css, html, javascript, ml, react, redux, typescript",sql; excel; power bi,3
E0078,0.0,0.0,0.0,"aws, kubernetes, linux, terraform, typescript",sql; excel; power bi,3
E0084,0.0,0.0,0.0,"apis, css, html, javascript, ml, react, redux",sql; excel; power bi,4
E0094,0.0,0.0,0.0,"apis, aws, docker, kubernetes, terraform",sql; excel; power bi,4
E0096,0.0,0.0,0.0,"ci/cd, css, html, javascript, ml, react, redux, typescript",sql; excel; power bi,3
E0098,0.0,0.0,0.0,"apis, aws, linux, terraform",sql; excel; power bi,4
E0389,0.0,0.0,0.0,"apis, aws, kubernetes",sql; excel; power bi,3
E0395,0.0,0.0,0.0,"aws, ci/cd, docker, kubernetes, linux, terraform",sql; excel; power bi,0
E0167,0.0,0.0,0.0,"apis, html, javascript, ml, react, typescript",sql; excel; power bi,1
E0175,0.0,0.0,0.0,"aws, ci/cd, linux, terraform",sql; excel; power bi,3
E0181,0.0,0.0,0.0,"css, html, javascript, ml, react",sql; excel; power bi,4
E0183,0.0,0.0,0.0,"aws, docker, kubernetes, linux",sql; excel; power bi,2
E0185,0.0,0.0,0.0,"html, javascript, ml, react, typescript",sql; excel; power bi,4
E0192,0.0,0.0,0.0,"apis, html, javascript, ml, react, typescript",sql; excel; power bi,1
E0196,0.0,0.0,0.0,"html, javascript, ml, react, redux",sql; excel; power bi,5
E0198,0.0,0.0,0.0,"apis, aws, docker, kubernetes, terraform",sql; excel; power bi,5
E0244,0.0,0.0,0.0,"ml, tensorflow",sql; excel; power bi,3
E0245,0.0,0.0,0.0,"apis, html, javascript, ml, react, redux, typescript",sql; excel; power bi,4
E0246,0.0,0.0,0.0,"css, html, ml, react, redux, typescript",sql; excel; power bi,1
E0251,0.0,0.0,0.0,"aws, linux, ml, terraform",sql; excel; power bi,4
E0342,0.0,0.0,0.0,"css, html, javascript, ml, react, redux, typescript",sql; excel; power bi,5
E0346,0.0,0.0,0.0,"html, javascript, ml, react, redux",sql; excel; power bi,4
E0347,0.0,0.0,0.0,"docker, linux, ml",sql; excel; power bi,1
E0350,0.0,0.0,0.0,"aws, ci/cd, kubernetes, linux, terraform",sql; excel; power bi,2
E0354,0.0,0.0,0.0,"html, javascript, ml, react, redux",sql; excel; power bi,4
E0357,0.0,0.0,0.0,"aws, ci/cd, kubernetes, linux, terraform",sql; excel; power bi,0
E0359,0.0,0.0,0.0,"apis, aws, docker, kubernetes, linux, typescript",sql; excel; power bi,5
E0366,0.0,0.0,0.0,"apis, css, html, javascript, ml, react, redux, typescript",sql; excel; power bi,5
E0370,0.0,0.0,0.0,"apis, aws, kubernetes, linux",sql; excel; power bi,1
E0374,0.0,0.0,0.0,"apis, aws, kubernetes, linux",sql; excel; power bi,1
E0384,0.0,0.0,0.0,"aws, ci/cd, docker, kubernetes, linux, typescript",sql; excel; power bi,0
E0386,0.0,0.0,0.0,"aws, ci/cd, docker, linux",sql; excel; power bi,3
E0069,0.0,0.0,0.0,"aws, ci/cd, docker, linux, ml",sql; excel; power bi,1
E0075,0.0,0.0,0.0,"html, javascript, ml, react, typescript",sql; excel; power bi,1
E0199,0.0,0.0,0.0,"css, html, javascript, ml, react, redux, typescript",sql; excel; power bi,4
E0200,0.0,0.0,0.0,"apis, css, html, javascript, ml, react",sql; excel; power bi,5
E0206,0.0,0.0,0.0,"html, javascript, ml, react, redux",sql; excel; power bi,5
E0211,0.0,0.0,0.0,"aws, docker, kubernetes, linux, terraform",sql; excel; power bi,3
E0402,0.0,0.0,0.0,"css, html, javascript, ml, react, redux, typescript",sql; excel; power bi,3
E0403,0.0,0.0,0.0,"ci/cd, css, html, ml, react, typescript",sql; excel; power bi,4
E0408,0.0,0.0,0.0,"apis, html, javascript, ml, react, redux, typescript",sql; excel; power bi,4
E0414,0.0,0.0,0.0,"ml, nlp, tensorflow",sql; excel; power bi,3
E0415,0.0,0.0,0.0,"aws, docker, linux, ml, typescript",sql; excel; power bi,2
E0416,0.0,0.0,0.0,"aws, ci/cd, css, html, javascript, ml, react, redux, typescript",sql; excel; power bi,4
E0417,0.0,0.0,0.0,"aws, ci/cd, css, html, javascript, ml, react, redux",sql; excel; power bi,3
E0420,0.0,0.0,0.0,"html, javascript, ml, react, redux",sql; excel; power bi,3
E0421,0.0,0.0,0.0,"html, javascript, ml, react, typescript",sql; excel; power bi,0
E0433,0.0,0.0,0.0,"aws, css, html, javascript, ml, react, typescript",sql; excel; power bi,4
E0322,0.0,0.0,0.0,"aws, kubernetes, linux, ml",sql; excel; power bi,4
E0324,0.0,0.0,0.0,"apis, aws, ci/cd, docker, kubernetes, linux, terraform",sql; excel; power bi,0
E0326,0.0,0.0,0.0,"aws, ci/cd, css, html, javascript, ml, react, redux, typescript",sql; excel; power bi,0
E0330,0.0,0.0,0.0,"aws, docker, linux, terraform",sql; excel; power bi,4
E0332,0.0,0.0,0.0,"ml, nlp, pytorch, tensorflow",sql; excel; power bi,2
E0333,0.0,0.0,0.0,"aws, linux, ml, terraform",sql; excel; power bi,5
E0335,0.0,0.0,0.0,"aws, ci/cd, docker, kubernetes, linux, ml, terraform",sql; excel; power bi,1
E0337,0.0,0.0,0.0,"html, ml, react, redux",sql; excel; power bi,4
E0212,0.0,0.0,0.0,"aws, css, javascript, ml, react, redux, typescript",sql; excel; power bi,5
E0213,0.0,0.0,0.0,"aws, ci/cd, docker, kubernetes, linux",sql; excel; power bi,5
E0215,0.0,0.0,0.0,"apis, ml, nlp, pytorch",sql; excel; power bi,2
E0223,0.0,0.0,0.0,"aws, ci/cd, kubernetes, linux",sql; excel; power bi,5
E0224,0.0,0.0,0.0,"ci/cd, docker, kubernetes, linux, ml",sql; excel; power bi,0
E0227,0.0,0.0,0.0,"ci/cd, kubernetes, linux, terraform",sql; excel; power bi,2
E0232,0.0,0.0,0.0,"html, ml, react, redux, typescript",sql; excel; power bi,3
E0238,0.0,0.0,0.0,"apis, aws, docker, kubernetes, linux, terraform",sql; excel; power bi,2
E0241,0.0,0.0,0.0,"apis, aws, docker, kubernetes, linux, terraform",sql; excel; power bi,3
E0439,0.0,0.0,0.0,"aws, docker, kubernetes, linux",sql; excel; power bi,0
E0443,0.0,0.0,0.0,"aws, docker, kubernetes, linux, terraform, typescript",sql; excel; power bi,2
E0446,0.0,0.0,0.0,"apis, aws, css, javascript, react",sql; excel; power bi,4
E0449,0.0,0.0,0.0,"aws, kubernetes, linux, ml, terraform",sql; excel; power bi,2
E0452,0.0,0.0,0.0,"ci/cd, css, html, ml, react, typescript",sql; excel; power bi,1
E0453,0.0,0.0,0.0,"aws, ci/cd, css, html, javascript, ml, react, redux, typescript",sql; excel; power bi,3
E0458,0.0,0.0,0.0,"apis, aws, css, html, javascript, ml, react",sql; excel; power bi,4
E0459,0.0,0.0,0.0,"aws, ci/cd, docker, linux, terraform",sql; excel; power bi,1
E0462,0.0,0.0,0.0,"aws, docker, linux",sql; excel; power bi,4
E0466,0.0,0.0,0.0,"apis, docker, linux",sql; excel; power bi,2
E0471,0.0,0.0,0.0,"apis, css, html, ml, react, redux, typescript",sql; excel; power bi,0
E0482,0.0,0.0,0.0,"apis, aws, docker, kubernetes, linux",sql; excel; power bi,3
E0485,0.0,0.0,0.0,"aws, ci/cd, docker, linux, terraform",sql; excel; power bi,5
E0487,0.0,0.0,0.0,"css, html, javascript, ml, react, redux, typescript",sql; excel; power bi,1
E0107,0.0,0.0,0.0,"html, javascript, ml, react, redux, typescript",sql; excel; power bi,1
E0108,0.0,0.0,0.0,"apis, aws, docker, linux",sql; excel; power bi,2
E0118,0.0,0.0,0.0,"css, html, javascript, ml, react, redux, typescript",sql; excel; power bi,3
E0122,0.0,0.0,0.0,"ci/cd, css, html, javascript, ml, react, redux, typescript",sql; excel; power bi,0
E0126,0.0,0.0,0.0,"apis, aws, docker, kubernetes, linux, terraform",sql; excel; power bi,0
E0129,0.0,0.0,0.0,"apis, html, javascript, ml, react, redux, typescript",sql; excel; power bi,4
E0292,0.0,0.0,0.0,"aws, ci/cd, linux, terraform",sql; excel; power bi,4
E0298,0.0,0.0,0.0,"apis, css, html, javascript, ml, react, redux, typescript",sql; excel; power bi,2
E0300,0.0,0.0,0.0,"html, javascript, ml, react, redux",sql; excel; power bi,4
E0303,0.0,0.0,0.0,"apis, aws, docker, kubernetes, linux, terraform",sql; excel; power bi,1
E0319,0.0,0.0,0.0,"docker, kubernetes, linux",sql; excel; power bi,1
E0320,0.0,0.0,0.0,"aws, kubernetes, linux, terraform",sql; excel; power bi,5
E0321,0.0,0.0,0.0,"aws, ci/cd, kubernetes, linux, terraform",sql; excel; power bi,2
E0588,0.0,0.0,0.0,"aws, docker, kubernetes, linux, terraform",sql; excel; power bi,1
E0252,0.0,0.0,0.0,"apis, html, javascript, ml, react, redux, typescript",sql; excel; power bi,4
E0257,0.0,0.0,0.0,"ci/cd, css, html, javascript, ml, react, redux, typescript",sql; excel; power bi,5
E0262,0.0,0.0,0.0,"ci/cd, html, javascript, ml, react, typescript",sql; excel; power bi,2
E0263,0.0,0.0,0.0,"ci/cd, css, html, javascript, ml, react, redux, typescript",sql; excel; power bi,0
E0265,0.0,0.0,0.0,"aws, ci/cd, kubernetes, linux",sql; excel; power bi,0
E0269,0.0,0.0,0.0,"aws, ci/cd, docker, linux, terraform",sql; excel; power bi,3
E0271,0.0,0.0,0.0,"apis, aws, ci/cd, docker, kubernetes, linux",sql; excel; power bi,3
E0275,0.0,0.0,0.0,"apis, html, javascript, ml, react, redux",sql; excel; power bi,1
E0277,0.0,0.0,0.0,"aws, docker, kubernetes, linux, terraform",sql; excel; power bi,1
E0278,0.0,0.0,0.0,"apis, kubernetes, linux, terraform",sql; excel; power bi,4
E0283,0.0,0.0,0.0,"apis, html, javascript, ml, react, redux",sql; excel; power bi,5
E0286,0.0,0.0,0.0,"apis, css, html, javascript, ml, react, redux, typescript",sql; excel; power bi,1
E0101,0.0,0.0,0.0,"aws, ci/cd, kubernetes, linux",sql; excel; power bi,5
E0104,0.0,0.0,0.0,"ci/cd, html, javascript, ml, react, redux, typescript",sql; excel; power bi,1
E0106,0.0,0.0,0.0,"aws, docker, kubernetes, linux",sql; excel; power bi,1
E0490,0.0,0.0,0.0,"ci/cd, css, html, javascript, ml, react, redux, typescript",sql; excel; power bi,2
E0493,0.0,0.0,0.0,"aws, ci/cd, docker, linux, terraform",sql; excel; power bi,2
E0494,0.0,0.0,0.0,"aws, kubernetes, linux, ml, terraform",sql; excel; power bi,5
E0495,0.0,0.0,0.0,"apis, css, html, javascript, ml, react, redux, typescript",sql; excel; power bi,2
E0496,0.0,0.0,0.0,"aws, ci/cd, docker, kubernetes, linux, terraform, typescript",sql; excel; power bi,2
E0499,0.0,0.0,0.0,"ci/cd, javascript, react, typescript",sql; excel; power bi,5
E0503,0.0,0.0,0.0,"apis, css, html, javascript, ml, react, redux, typescript",sql; excel; power bi,2
E0504,0.0,0.0,0.0,"apis, aws, linux, terraform",sql; excel; power bi,3
E0569,0.0,0.0,0.0,"aws, linux, terraform",sql; excel; power bi,4
E0572,0.0,0.0,0.0,"aws, ci/cd, docker, kubernetes, linux",sql; excel; power bi,4
E0576,0.0,0.0,0.0,"apis, aws, ci/cd, docker, kubernetes, linux, terraform",sql; excel; power bi,1
E0132,0.0,0.0,0.0,"aws, docker, kubernetes, linux, ml, terraform",sql; excel; power bi,2
E0147,0.0,0.0,0.0,"apis, aws, ci/cd, kubernetes, linux",sql; excel; power bi,4
E0154,0.0,0.0,0.0,"apis, css, html, javascript, ml, react, typescript",sql; excel; power bi,2
E0001,0.0,0.0,0.0,"apis, docker, kubernetes, linux, terraform",sql; excel; power bi,5
E0551,0.0,0.0,0.0,"apis, aws, ci/cd, docker, kubernetes, linux",sql; excel; power bi,3
E0591,0.0,0.0,0.0,"aws, ci/cd, docker, kubernetes, linux, ml, terraform",sql; excel; power bi,1
E0016,0.0,0.0,0.0,"css, javascript, react, redux, typescript",sql; excel; power bi,4
E0028,0.0,0.0,0.0,"ci/cd, css, javascript, react",sql; excel; power bi,5
E0023,0.0,0.0,0.0,"apis, css, html, javascript, ml, react, redux",sql; excel; power bi,4
E0022,0.0,0.0,0.0,"aws, linux, terraform",sql; excel; power bi,2
E0596,0.0,0.0,0.0,"aws, docker, linux, terraform, typescript",sql; excel; power bi,2
E0008,0.0,0.0,0.0,"ci/cd, html, javascript, ml, react, redux",sql; excel; power bi,4
E0006,0.0,0.0,0.0,"kubernetes, linux, ml",sql; excel; power bi,3
E0019,0.0,0.0,0.0,"css, javascript, react, redux, typescript",sql; excel; power bi,3
